"idElement","idRecType","Element","SortOrder","idParent","idElemType","publish"
"4","1","Geomap no.","100","","1","True"
"5","1","Call","200","","1","True"
"6","1","Title","250","","1","True"
"7","1","Date","300","","1","True"
"8","1","Edition","300","","1","True"
"9","1","Scale","400","","1","True"
"10","1","Sheets","450","","1","False"
"11","1","Copies","500","","1","True"
"13","1","Expl. Text","600","","1","False"
"14","1","Source/Series","650","","1","True"
"15","1","Authors","700","","1","False"
"16","1","Notes","750","","1","True"
"17","1","Source pub.","1080","","1","True"
"18","1","Geog. Areas","800","","1","True"
"20","1","Lat. 1","900","","1","True"
"21","1","Lat. 2","950","","1","True"
"22","1","Lon. 1","1000","","1","True"
"23","1","Lon. 2","1050","","1","True"
"24","1","Conser","1100","","1","False"
"25","1","Acq","1150","","1","False"
"26","1","Record prep.","1560","","1","False"
"27","1","Status","150","","1","False"
"28","2","Language code","575","","1","False"
"30","4","Name","700","","1","False"
"31","1","Language","550","","3","True"
"32","1","Subjects","875","","3","True"
"33","1","Authors","725","","3","True"
"34","1","Map Type","250","","1","False"
"35","1","Place of Publication","640","","1","True"
"36","1","Scanned","1500","","1","False"
"37","1","View Map","1300","","1","True"
"38","1","North Decimal Degree","1060","","1","False"
"39","1","South Decimal Degree","1065","","1","False"
"40","1","East Decimal Degree","1070","","1","False"
"41","1","West Decimal Degree","1075","","1","False"
"42","1","Corporate Author","670","","1","True"
